<?xml version="1.0" encoding="UTF-8"?>
<DecviceAbility version="2.0"><BasicCapability version="2.0"><HardwareCapability><HardwareVersion>0x4</HardwareVersion><AlarmInPortNum>16</AlarmInPortNum><AlarmOutPortNum>4</AlarmOutPortNum><RS232Num>1</RS232Num><RS485Num>1</RS485Num><NetworkPortNum>1</NetworkPortNum><FlashSize>16</FlashSize><RamSize>128</RamSize><HardDiskNum>1</HardDiskNum><SATANum>1</SATANum><VideoInNum>8</VideoInNum><AudioInNum>8</AudioInNum><AudioOutNum>1</AudioOutNum><AudioTalkNum>1</AudioTalkNum><ResetSupport>1</ResetSupport><AnalogChannelNum>8</AnalogChannelNum></HardwareCapability><SoftwareCapability><ShowStringNumber>8</ShowStringNumber><MotionDetectAlarmSupport>1</MotionDetectAlarmSupport><VILostAlarmSupport>1</VILostAlarmSupport><HideAlarmSupport>1</HideAlarmSupport><ShelterSupport>1</ShelterSupport><RtspSupport>1</RtspSupport><RtpoverRtspSupport>1</RtpoverRtspSupport><NtpSupport>1</NtpSupport><PtzSupport>1</PtzSupport><DDNSSupport>1</DDNSSupport><DDNSHostType>0,1,2</DDNSHostType><MultipleStreamSupport>1</MultipleStreamSupport><SubStreamSupport>1</SubStreamSupport><SADPVersion>0</SADPVersion><FileLockSupport>1</FileLockSupport><MaxLoginNum>128</MaxLoginNum><MaxPreviewNum>24</MaxPreviewNum><MaxPlayBackNum>24</MaxPlayBackNum><MaxChanLinkNum>6</MaxChanLinkNum><ShutDownSupport>1</ShutDownSupport><HDgroupConfig>1</HDgroupConfig><RS232Config>1</RS232Config><PPPoEConfig>1</PPPoEConfig><RedundancyRecord>1</RedundancyRecord><NotSupportDiskQuota>1</NotSupportDiskQuota><SingleStorageMaxCap>2</SingleStorageMaxCap><NeedReboot><ImportConfigurationFileReboot>1</ImportConfigurationFileReboot><AlarmInTypeChange>1</AlarmInTypeChange><RestoreConfig>1</RestoreConfig><RS232workModeChange>1</RS232workModeChange><NetPortChange>1</NetPortChange><RtspPortChange>1</RtspPortChange><DhcpEnableChange>1</DhcpEnableChange><PPPoEChange>1</PPPoEChange><NetMultiCastIPChange>1</NetMultiCastIPChange></NeedReboot></SoftwareCapability></BasicCapability><AudioVideoCompressInfo version="2.0"><AudioCompressInfo><Audio><ChannelList><ChannelEntry><ChannelNumber>1</ChannelNumber><MainAudioEncodeType><Range>1</Range></MainAudioEncodeType><SubAudioEncodeType><Range>1</Range></SubAudioEncodeType><EventAudioEncodeType><Range>1</Range></EventAudioEncodeType></ChannelEntry></ChannelList></Audio><VoiceTalk><ChannelList><ChannelEntry><ChannelNumber>1</ChannelNumber><VoiceTalkEncodeType><Range>0</Range></VoiceTalkEncodeType></ChannelEntry></ChannelList></VoiceTalk></AudioCompressInfo><VideoCompressInfo><ChannelList><ChannelEntry><ChannelNumber>1</ChannelNumber><MainChannel><VideoEncodeType><Range>1</Range></VideoEncodeType><VideoResolutionList><VideoResolutionEntry><Index>1</Index><Name>CIF</Name><Resolution>352*288</Resolution><VideoFrameRate>0,1,2,3,4,5,6,7,8,9,10,11,12,13,14,15,16</VideoFrameRate><VideoBitrate><Min>32</Min><Max>768</Max></VideoBitrate></VideoResolutionEntry><VideoResolutionEntry><Index>2</Index><Name>QCIF</Name><Resolution>172*144</Resolution><VideoFrameRate>0,1,2,3,4,5,6,7,8,9,10,11,12,13,14,15,16</VideoFrameRate><VideoBitrate><Min>32</Min><Max>768</Max></VideoBitrate></VideoResolutionEntry></VideoResolutionList><IntervalBPFrame><Range>2</Range></IntervalBPFrame></MainChannel><SubChannelList><SubChannelEntry><index>1</index><VideoEncodeType><Range>1</Range></VideoEncodeType><VideoResolutionList><VideoResolutionEntry><Index>2</Index><Name>QCIF</Name><Resolution>176*144</Resolution><VideoFrameRate>0,1,2,3,4,5,6,7,8,9,10,11,12,13,14,15,16</VideoFrameRate><VideoBitrate><Min>32</Min><Max>768</Max></VideoBitrate></VideoResolutionEntry></VideoResolutionList><IntervalBPFrame><Range>2</Range></IntervalBPFrame></SubChannelEntry></SubChannelList><EventChannel><VideoEncodeType><Range>1</Range></VideoEncodeType><VideoResolutionList><VideoResolutionEntry><Index>1</Index><Name>CIF</Name><Resolution>352*288</Resolution><VideoFrameRate>0,1,2,3,4,5,6,7,8,9,10,11,12,13,14,15,16</VideoFrameRate><VideoBitrate><Min>32</Min><Max>768</Max></VideoBitrate></VideoResolutionEntry><VideoResolutionEntry><Index>2</Index><Name>QCIF</Name><Resolution>176*144</Resolution><VideoFrameRate>0,1,2,3,4,5,6,7,8,9,10,11,12,13,14,15,16</VideoFrameRate><VideoBitrate><Min>32</Min><Max>768</Max></VideoBitrate></VideoResolutionEntry></VideoResolutionList><IntervalBPFrame><Range>2</Range></IntervalBPFrame></EventChannel></ChannelEntry></ChannelList></VideoCompressInfo></AudioVideoCompressInfo><CurrentCompressInfo version="2.0"><ChannelNumber>1</ChannelNumber><VideoEncodeType>1</VideoEncodeType><VideoResolution>1</VideoResolution><VideoFrameRate><Range>0,1,2,3,4,5,6,7,8,9,10,11,12,13,14,15,16</Range></VideoFrameRate><VideoBitrate><Min>32</Min><Max>768</Max></VideoBitrate><SubChannelList><SubChannelEntry><index>1</index><VideoResolutionList><VideoResolutionEntry><Index>2</Index><VideoFrameRate><Range>0,1,2,3,4,5,6,7,8,9,10,11,12,13,14,15,16</Range></VideoFrameRate><VideoBitrate><Min>32</Min><Max>768</Max></VideoBitrate></VideoResolutionEntry></VideoResolutionList></SubChannelEntry></SubChannelList></CurrentCompressInfo><SerialAbility version="2.0"><RS232><RS232Num>1</RS232Num><RS232Entry><baudRate opt="50,75,110,150,300,600,1200,2400,4800,9600,19200,38400,57600,76800,115.2k"/><dataBit opt="5,6,7,8"/><stopBit opt="1,2"/><parity opt="none,odd,even"/><flowcontrol opt="none,hard,soft"/><workMode opt="narrowBand,console,transparentChan"/></RS232Entry></RS232><RS485><RS485Num>1</RS485Num><RS485Entry><baudRate opt="50,75,110,150,300,600,1200,2400,4800,9600,19200,38400,57600,76800,115.2k"/><dataBit opt="5,6,7,8"/><stopBit opt="1,2"/><parity opt="none,odd,even"/><flowcontrol opt="none,hard,soft"/><decoderAddress min="0" max="255"/></RS485Entry></RS485></SerialAbility><UserAbility version="2.0"><userNum>16</userNum><userPriority opt="admin,viewer,operator,none"/><userNameLength min="1" max="32"/><userPasswordLength min="1" max="16"/><LocalPermission><permissionType opt="PTZControl,record,playback,parameterConfig,logOrStateCheck,restartOrShutdown,upgrade,backup"/></LocalPermission><RemotePermission><permissionType opt="preview,voiceTalk,alarmOutOrUpload,transParentChannel,contorlLocalOut,PTZControl,record,playback,parameterConfig,logOrStateCheck,restartOrShutdown,upgrade,backup"/></RemotePermission><UserNet><IPV4Address>true</IPV4Address><IPV6Address>true</IPV6Address><MACAddress>true</MACAddress></UserNet><ViewerDefaultPermission><LocalPermission><permissionType opt="PTZControl,record,playback,parameterConfig,logOrStateCheck,restartOrShutdown,upgrade,backup"/></LocalPermission><RemotePermission><permissionType opt="preview,voiceTalk,alarmOutOrUpload,transParentChannel,contorlLocalOut,PTZControl,record,playback,parameterConfig,logOrStateCheck,restartOrShutdown,upgrade,backup"/></RemotePermission></ViewerDefaultPermission><OperatorDefaultPermission><LocalPermission><permissionType opt="PTZControl,record,playback,parameterConfig,logOrStateCheck,restartOrShutdown,upgrade,backup"/></LocalPermission><RemotePermission><permissionType opt="preview,voiceTalk,alarmOutOrUpload,transParentChannel,contorlLocalOut,PTZControl,record,playback,parameterConfig,logOrStateCheck,restartOrShutdown,upgrade,backup"/></RemotePermission></OperatorDefaultPermission></UserAbility><NetAppAbility version="2.0"><NTP><intervalUnit>minute</intervalUnit></NTP><Net><NetworkInterface><networkInterfaceNum>2</networkInterfaceNum><NetworkInterfaceEntry><id>1</id><type opt="10Mbase-T,10MBase-T-full,100MBase-TX,100M-full,10M/100M/1000M-adapt,1000M-full"/><MTU min="500" max="1500"/></NetworkInterfaceEntry><NetworkInterfaceEntry><id>2</id><type opt="10Mbase-T,10MBase-T-full,100MBase-TX,100M-full,10M/100M/1000M-adapt,1000M-full"/><MTU min="500" max="1500"/></NetworkInterfaceEntry></NetworkInterface><multicastIpAddr opt="IPV4,IPV6"/></Net><FTP><dirLevel opt="rootDir,topDir,subDir"/><topDirMode opt="deviceName,deviceNO,deviceIP,monitor,time"/><subDirMode opt="chanName,chanNO,time,laneNO"/></FTP></NetAppAbility><VideoPicAbility version="2.0"><channelNO>1</channelNO><OSD><ChannelName><enabled>true</enabled></ChannelName><Week><enabled>true</enabled></Week><OSDType opt="xxxx-xx-xxYMD,xx-xx-xxxxMDY,xxxxYxxMxxD,xxMxxDxxxxY,xx-xx-xxxxDMY,xxDxxMxxxxY"/><OSDAttrib opt="1,2,3,4"/><OSDHourType opt="24Hour,12Hour"/></OSD><MotionDetection><regionType opt="grid"/><Grid><VideoFormatP><rowGranularity>18</rowGranularity><columnGranularity>22</columnGranularity></VideoFormatP><VideoFormatN><rowGranularity>15</rowGranularity><columnGranularity>22</columnGranularity></VideoFormatN></Grid><sensitivityLevel min="0" max="5"/><alarmTime>8</alarmTime><alarmHandleType opt="monitor,audio,center,alarmout"/></MotionDetection><VILostDetection><alarmTime>8</alarmTime><alarmHandleType opt="monitor,audio,center,alarmout"/></VILostDetection><HideDetection><HideAreaNum>1</HideAreaNum><HideArea><id>1</id><PAL><AreaX min="0" max="704"/><AreaY min="0" max="576"/></PAL><NTSC><AreaX min="0" max="704"/><AreaY min="0" max="480"/></NTSC></HideArea><sensitivity opt="none,low,middle,high"/><alarmTime>8</alarmTime><alarmHandleType opt="monitor,audio,center,alarmout"/></HideDetection><PrivacyMask><PrivacyMaskAreaNum>4</PrivacyMaskAreaNum><PrivacyMaskArea><id>1</id><PAL><AreaX min="0" max="704"/><AreaY min="0" max="576"/></PAL><NTSC><AreaX min="0" max="704"/><AreaY min="0" max="480"/></NTSC></PrivacyMaskArea><PrivacyMaskArea><id>2</id><PAL><AreaX min="0" max="704"/><AreaY min="0" max="576"/></PAL><NTSC><AreaX min="0" max="704"/><AreaY min="0" max="480"/></NTSC></PrivacyMaskArea><PrivacyMaskArea><id>3</id><PAL><AreaX min="0" max="704"/><AreaY min="0" max="576"/></PAL><NTSC><AreaX min="0" max="704"/><AreaY min="0" max="480"/></NTSC></PrivacyMaskArea><PrivacyMaskArea><id>4</id><PAL><AreaX min="0" max="704"/><AreaY min="0" max="576"/></PAL><NTSC><AreaX min="0" max="704"/><AreaY min="0" max="480"/></NTSC></PrivacyMaskArea></PrivacyMask></VideoPicAbility><JpegCaptureAbility version="2.0"><channelNO>1</channelNO><ManualCapture><ResolutionEntry><resolutionName>CIF</resolutionName><index>0</index></ResolutionEntry><ResolutionEntry><resolutionName>QCIF</resolutionName><index>1</index></ResolutionEntry></ManualCapture><RecordScheduleNum>8</RecordScheduleNum></JpegCaptureAbility><EventAbility version="2.0"><channelNO>1</channelNO><ExceptionAlarm><exceptionType opt="diskFull,diskError,nicBroken,ipConflict,illAccess,videoMismatch,badVideo"/><alarmHandleType opt="audio,center,alarmout"/></ExceptionAlarm><AlarmIn><alarmTime>8</alarmTime><alarmHandleType opt="monitor,audio,center,alarmout"/></AlarmIn><AlarmOut><alarmTime>8</alarmTime><pulseDuration opt="5,10,30,60,120,300,600,manual"/></AlarmOut></EventAbility><PTZAbility version="2.0"><channelNO>1</channelNO><PTZControl><controlType opt="light,wiper,fan,heater,aux1,aux2,zoomIn,zoomOut,focusNear,focusFar,irisOpen,irisClose,ttiltUp,tiltDown,panLeft,panRight,upLeft,upRight,downLeft,downRight,panAuto,panCircle"/></PTZControl><Patrol><patrolNum min="1" max="16"/><presetNum min="1" max="255"/><dwellTime min="1" max="255"/><speed min="1" max="255"/></Patrol><Preset><presetNum min="1" max="255"/></Preset><PTZZoomIn><enabled>true</enabled></PTZZoomIn><Pattern><operateType opt="recordStart,recordStop,run"/><patternID min="1" max="1"/></Pattern></PTZAbility></DecviceAbility>
