<?xml version="1.0" encoding="UTF-8"?>
<DecviceAbility version="2.0"><BasicCapability version="2.0"><HardwareCapability><HardwareVersion>0x11</HardwareVersion><RS232Num>1</RS232Num><NetworkPortNum>1</NetworkPortNum><USBNum>1</USBNum><FlashSize>64</FlashSize><RamSize>512</RamSize><USBVersion>2.0</USBVersion><ResetSupport>1</ResetSupport></HardwareCapability><SoftwareCapability><SADPVersion>1</SADPVersion><MaxLoginNum>16</MaxLoginNum><MaxPlayBackNum>4</MaxPlayBackNum><NotSupportDiskQuota>1</NotSupportDiskQuota><SingleStorageMaxCap>16</SingleStorageMaxCap><NeedReboot><ImportConfigurationFileReboot>1</ImportConfigurationFileReboot></NeedReboot></SoftwareCapability></BasicCapability><SerialAbility version="2.0"><RS232><RS232Num>1</RS232Num><RS232Entry><baudRate opt="50,75,110,150,300,600,1200,2400,4800,9600,19200,38400,57600,76800,115.2k"/><dataBit opt="5,6,7,8"/><stopBit opt="1,2"/><parity opt="none,odd,even"/><flowcontrol opt="none,hard,soft"/><workMode opt="narrowBand,console,transparentChan"/></RS232Entry></RS232><RS485><RS485Num>1</RS485Num><RS485Entry><baudRate opt="50,75,110,150,300,600,1200,2400,4800,9600,19200,38400,57600,76800,115.2k"/><dataBit opt="5,6,7,8"/><stopBit opt="1,2"/><parity opt="none,odd,even"/><flowcontrol opt="none,hard,soft"/><decoderAddress min="0" max="255"/></RS485Entry></RS485></SerialAbility><NetAppAbility version="2.0"><NTP><intervalUnit>minute</intervalUnit></NTP><Net><NetworkInterface><networkInterfaceNum>1</networkInterfaceNum><NetworkInterfaceEntry><id>1</id><type opt="10Mbase-T,10MBase-T-full,100MBase-TX,100M-full,10M/100M/1000M-adapt,1000M-full"/></NetworkInterfaceEntry></NetworkInterface><multicastIpAddr opt="IPV4,IPV6"/></Net><Email><receiverNum>3</receiverNum><emailTest>true</emailTest></Email><FTP><dirLevel opt="rootDir,topDir,subDir"/><topDirMode opt="deviceName,deviceNO,deviceIP,monitor,time"/><subDirMode opt="chanName,chanNO,time,laneNO"/></FTP></NetAppAbility><ScreenControlAbility version="2.0"><layOutNo min="0" max="15"/><windowNo min="0" max="351"/><windowLayerNo min="0" max="3"/><overlayStringNum>256</overlayStringNum><inputStreamNo min="0" max="351"/><maxOutputChanNo min="0" max="47"/><outputChanNo min="0" max="47"/><planNo min="0" max="15"/><Playback><enabled>true</enabled></Playback><VoutResourceEntry><id>1</id><voutType>vga</voutType><voutNo min="0" max="47"/><VoutResolutionEntry><resolutionName>XGA_60HZ(1024*768)</resolutionName><index>67207228</index></VoutResolutionEntry><VoutResolutionEntry><resolutionName>XGA_75HZ(1024*768)</resolutionName><index>67207243</index></VoutResolutionEntry><VoutResolutionEntry><resolutionName>WXGA_60HZ(1360*768)</resolutionName><index>89227324</index></VoutResolutionEntry></VoutResourceEntry><VoutResourceEntry><id>2</id><voutType>dvi</voutType><voutNo min="0" max="47"/><VoutResolutionEntry><resolutionName>XGA_60HZ(1024*768)</resolutionName><index>67207228</index></VoutResolutionEntry><VoutResolutionEntry><resolutionName>XGA_75HZ(1024*768)</resolutionName><index>67207243</index></VoutResolutionEntry><VoutResolutionEntry><resolutionName>WXGA_60HZ(1360*768)</resolutionName><index>89227324</index></VoutResolutionEntry></VoutResourceEntry></ScreenControlAbility><EventAbility version="2.0"><channelNO>1</channelNO><ExceptionAlarm><exceptionType opt="nicBroken,ipConflict,temperatureException,subsystemException,fanException"/><alarmHandleType opt="audio"/></ExceptionAlarm></EventAbility></DecviceAbility>
