<?xml version="1.0" encoding="UTF-8"?>
<DecviceAbility version="2.0"><BasicCapability version="2.0"><HardwareCapability><HardwareVersion>0x20</HardwareVersion><AlarmInPortNum>8</AlarmInPortNum><AlarmOutPortNum>4</AlarmOutPortNum><NetworkPortNum>1</NetworkPortNum><USBNum>0</USBNum><AudioOutNum>1</AudioOutNum><AudioTalkNum>1</AudioTalkNum><ResetSupport>1</ResetSupport><ZoneNum><localZoneNo min="0" max="7"/></ZoneNum><sirenNo min="0" max="0"/><electroLockNo min="0" max="1"/><mobileGateNo min="0" max="1"/><TriggerNum><localTriggerNo min="0" max="3"/></TriggerNum></HardwareCapability><SoftwareCapability><NotSupportInputOutputConfigFile>1</NotSupportInputOutputConfigFile><NeedReboot><RestoreConfig>1</RestoreConfig></NeedReboot></SoftwareCapability></BasicCapability><SerialAbility version="2.0"><RS232><RS232Num>1</RS232Num><RS232Entry><baudRate opt="1200,2400,4800,9600,19200,38400,57600,76800,115.2k"/><dataBit opt="7,8"/><stopBit opt="1,2"/><parity opt="none,odd,even"/><flowcontrol opt="none,hard,soft"/><workMode opt="console,transparentChan"/></RS232Entry></RS232></SerialAbility><UserAbility version="2.0"><userNum>16</userNum><userNameLength min="1" max="32"/><userPasswordLength min="1" max="16"/><UserNet><IPV4Address>true</IPV4Address><IPV6Address>true</IPV6Address><MACAddress>true</MACAddress></UserNet><AlarmhostPermission><netUserNo min="1" max="16"/><userPriority opt="admin,manage,operater"/><AdminPermissionType opt="arm,disarm,bypass,log,reboot,setConfig,getConfig,resume,siren,alarmout,serialControl, controlLocalOut"/><ManagerPermissionType opt="arm,disarm,bypass,log,setConfig,getConfig,siren,alarmout,serialControl, controlLocalOut"/><OperaterPermissionType opt="arm,disarm,bypass,log,setConfig,getConfig,siren,alarmout,serialControl, controlLocalOut"/></AlarmhostPermission></UserAbility><NetAppAbility version="2.0"><Net><NetworkInterface><networkInterfaceNum>1</networkInterfaceNum><NetworkInterfaceEntry><id>1</id><type opt="10M/100M/1000M-adapt"/><MTU min="1500" max="1500"/></NetworkInterfaceEntry></NetworkInterface></Net></NetAppAbility><AlarmHostAbility version="2.0"><Zone><ZoneConfig><enabled>true</enabled><delayInParam>true</delayInParam><detectorType opt="panicButton,magneticContact,smokeDetector,activeInfraredDetector,passiveInfraredDetector,glassBreakDetector,vibrationDetector,dualTechnologyPirDetector,tripleTechnologyPirDetector,humidityDetector,temperatureDetector,combustibleGasDetector,otherDetector"/><zoneType opt="instantZone, 24hourAudibleZone,delayZone"/></ZoneConfig><ZoneArmDisarm><enabled>true</enabled></ZoneArmDisarm></Zone><Trigger><TriggerConfig><enabled>true</enabled><outputDelay min="0" max="5999"/></TriggerConfig><TriggerControl><enabled>true</enabled></TriggerControl></Trigger><assistantControl opt="electricLock, mobileGate,audioOut,siren"/><GatewayConfig><enabled>true</enabled><delayTime min="0" max="65535"/></GatewayConfig><SirenConfig><enabled>true</enabled><outputDelay min="0" max="5999"/></SirenConfig><SearchMainStatus><enabled>true</enabled><mainStatusType opt="zoneArmed, zoneAlarm,zoneBypass"/></SearchMainStatus><SearchOtherStatus><enabled>true</enabled><otherStatusType opt="siren"/></SearchOtherStatus><EnableConfig><enabled>true</enabled><enableType opt="audioOut,electricLock,mobileGate,siren"/></EnableConfig><TransparencySerial><enabled>true</enabled></TransparencySerial><telModuleNo min="0" max="0"/><DialConfig><PhoneCenterParameter><centerPhoneNumberLength min="0" max="31"/><repeatCall min="0" max="14"/><dialDelay min="0" max="149"/><receiveID opt="0,1,2,3,4,5,6,7,8,9,A,B,C,D,E,F"/><receiveIDLength min="0" max="5"/></PhoneCenterParameter><reportPeried min="1" max="168"/><firstReportTime min="1" max="3600"/><reportEnable>true</reportEnable></DialConfig><DialMode><enabled>true</enabled></DialMode><centerGroupNo min="0" max="1"/><ReportModeConfig><enabled>true</enabled></ReportModeConfig><AlarmHostLog><enabled>true</enabled></AlarmHostLog><RemoteUpgrade><enabled>true</enabled></RemoteUpgrade><VoiceUpload><enabled>true</enabled></VoiceUpload><VoiceDownload><enabled>true</enabled></VoiceDownload><voiceNo min="1" max="6"/><VoiceControl><enabled>true</enabled></VoiceControl><UploadAlarmoutStatus><enabled>true</enabled></UploadAlarmoutStatus><UploadSirenStatus><enabled>true</enabled></UploadSirenStatus><AudioAssociateAlarmEventConfig><enabled>true</enabled></AudioAssociateAlarmEventConfig><CIDReportUpload><enabled>true</enabled></CIDReportUpload></AlarmHostAbility></DecviceAbility>
