<?xml version="1.0" encoding="UTF-8"?>
<DecviceAbility version="2.0"><BasicCapability version="2.0"><HardwareCapability><HardwareVersion>0x10</HardwareVersion><AlarmInPortNum>16</AlarmInPortNum><AlarmOutPortNum>16</AlarmOutPortNum><NetworkPortNum>1</NetworkPortNum><ResetSupport>1</ResetSupport><RS485><localRs485No min="1" max="1"/><semiDuplexRS485No min="1" max="1"/></RS485><ZoneNum><localZoneNo min="0" max="15"/></ZoneNum><sirenNo min="0" max="0"/><TriggerNum><localTriggerNo min="0" max="15"/></TriggerNum></HardwareCapability><SoftwareCapability><NotSupportInputOutputConfigFile>1</NotSupportInputOutputConfigFile><NeedReboot><RestoreConfig>1</RestoreConfig></NeedReboot></SoftwareCapability></BasicCapability><SerialAbility version="2.0"><RS485><RS485Num>1</RS485Num><RS485Entry><baudRate opt="50,75,110,150,300,600,1200,2400,4800,9600,19200,38400,57600,76800,115.2k"/><dataBit opt="7,8"/><stopBit opt="1,2"/><parity opt="none,odd,even"/><flowcontrol opt="none,hard,soft"/></RS485Entry></RS485></SerialAbility><UserAbility version="2.0"><userNum>16</userNum><userNameLength min="1" max="32"/><userPasswordLength min="1" max="16"/><UserNet><IPV4Address>true</IPV4Address><IPV6Address>true</IPV6Address><MACAddress>true</MACAddress></UserNet><AlarmhostPermission><netUserNo min="1" max="16"/><userPriority opt="admin,manage,operater"/><AdminPermissionType opt="arm,disarm,bypass,log,reboot,setConfig,getConfig,resume,siren,alarmout,serialControl, controlLocalOut"/><ManagerPermissionType opt="arm,disarm,bypass,log,setConfig,getConfig,siren,alarmout,serialControl, controlLocalOut"/><OperaterPermissionType opt="arm,disarm,bypass,log,setConfig,getConfig,siren,alarmout,serialControl, controlLocalOut"/></AlarmhostPermission></UserAbility><NetAppAbility version="2.0"><Net><NetworkInterface><networkInterfaceNum>1</networkInterfaceNum><NetworkInterfaceEntry><id>1</id><type opt="10M/100M/1000M-adapt"/><MTU min="1500" max="1500"/></NetworkInterfaceEntry></NetworkInterface></Net></NetAppAbility><AlarmHostAbility version="2.0"><Zone><ZoneConfig><enabled>true</enabled><delayInParam>true</delayInParam><detectorType opt="panicButton,magneticContact,smokeDetector,activeInfraredDetector,passiveInfraredDetector,glassBreakDetector,vibrationDetector,dualTechnologyPirDetector,tripleTechnologyPirDetector,humidityDetector,temperatureDetector,combustibleGasDetector,otherDetector"/><zoneType opt="instantZone"/></ZoneConfig><ZoneArmDisarm><enabled>true</enabled></ZoneArmDisarm></Zone><Trigger><TriggerConfig><enabled>true</enabled><outputDelay min="0" max="65535"/></TriggerConfig><TriggerControl><enabled>true</enabled></TriggerControl></Trigger><assistantControl opt="siren"/><SirenConfig><enabled>true</enabled><outputDelay min="0" max="65535"/></SirenConfig><SearchMainStatus><enabled>true</enabled><mainStatusType opt="zoneArmed, zoneAlarm,zoneBypass"/></SearchMainStatus><SearchOtherStatus><enabled>true</enabled><otherStatusType opt="siren"/></SearchOtherStatus><EnableConfig><enabled>true</enabled><enableType opt="siren"/></EnableConfig><TransparencySerial><enabled>true</enabled></TransparencySerial><AlarmHostRS485Config><enabled>true</enabled></AlarmHostRS485Config><BatteryVoltage><enabled>true</enabled></BatteryVoltage><AlarmHostLog><enabled>true</enabled></AlarmHostLog><FaultAlarmUpload><enabled>true</enabled></FaultAlarmUpload><RemoteUpgrade><enabled>true</enabled></RemoteUpgrade><UploadAlarmoutStatus><enabled>true</enabled></UploadAlarmoutStatus><UploadSirenStatus><enabled>true</enabled></UploadSirenStatus></AlarmHostAbility></DecviceAbility>
